[
  {
    "Id": "507699",
    "ThreadId": "231023",
    "Html": "<p>With all respect to developers, but it seems that RDP code does not work. I tried the test in TestiingSocketForm between two machine and it didn't work. The client has constantly crashed. I tried to write my own client and after two days I decide to give up. Another guy also tried to use this code and result was the same. No success. Weird behavior on every step. Unfortunately.</p>",
    "PostedDate": "2010-10-15T05:03:08.64-07:00",
    "UserRole": null,
    "MarkedAsAnswerDate": null
  }
]