[
  {
    "Id": "67589",
    "ThreadId": "20353",
    "Html": "\r\nFirst of all - Thanks for such helpfull project. <br /><br />Please explain how to use RUDPSocket with RendezVousMode option enabled.<br />I have two clients, both are behind the NAT (and it could be the same NAT). <br /><br />How to transfer some data between my clients? <br />I can obtain a public IP adress and port for both clients by using STUN technique.<br /><br />Please help. thanks again.<br />",
    "PostedDate": "2008-01-12T19:07:54.9-08:00",
    "UserRole": null,
    "MarkedAsAnswerDate": null
  }
]