[
  {
    "Id": "425894",
    "ThreadId": "207901",
    "Html": "<p>Hi ,</p>\r\n<p>I m doing an window application for video conferencing over the Internet using c#.Net .But my clients are behind the NATs.</p>\r\n<p>How i can traverse the NAT using your library and make a connection between the clients which both are behind the NAT.</p>\r\n<p>Thanks for help in advance.</p>\r\n<p>&nbsp;</p>\r\n<p>&nbsp;</p>",
    "PostedDate": "2010-03-31T03:22:49.753-07:00",
    "UserRole": null,
    "MarkedAsAnswerDate": null
  }
]