{
  "WorkItem": {
    "AffectedComponent": {
      "Name": "",
      "DisplayName": ""
    },
    "ClosedComment": "",
    "ClosedDate": "2007-05-30T03:45:24.42-07:00",
    "CommentCount": 0,
    "Custom": null,
    "Description": "On some machines, a disconnection appear and it should'nt",
    "LastUpdatedDate": "2013-05-15T23:22:51.43-07:00",
    "PlannedForRelease": "",
    "ReleaseVisibleToPublic": false,
    "Priority": {
      "Name": "Low",
      "Severity": 50,
      "Id": 1
    },
    "ProjectName": "RUDP",
    "ReportedDate": "2007-05-26T02:22:14.84-07:00",
    "Status": {
      "Name": "Closed",
      "Id": 4
    },
    "ReasonClosed": {
      "Name": "Unassigned"
    },
    "Summary": "Disconnection problem",
    "Type": {
      "Name": "Issue",
      "Id": 3
    },
    "VoteCount": 1,
    "Id": 931
  },
  "FileAttachments": [],
  "Comments": []
}