{
  "WorkItem": {
    "AffectedComponent": {
      "Name": "",
      "DisplayName": ""
    },
    "ClosedComment": "",
    "ClosedDate": null,
    "CommentCount": 0,
    "Custom": null,
    "Description": "For server mode :\n \n- Number of control threads = number of Procs\n- Allow balancing of sockets from one thread to another",
    "LastUpdatedDate": "2013-06-14T01:01:52.49-07:00",
    "PlannedForRelease": "",
    "ReleaseVisibleToPublic": false,
    "Priority": {
      "Name": "Low",
      "Severity": 50,
      "Id": 1
    },
    "ProjectName": "RUDP",
    "ReportedDate": "2007-06-02T14:29:30.773-07:00",
    "Status": {
      "Name": "Resolved",
      "Id": 7
    },
    "ReasonClosed": {
      "Name": "Unassigned"
    },
    "Summary": "Multi-CPU Stack",
    "Type": {
      "Name": "Issue",
      "Id": 3
    },
    "VoteCount": 1,
    "Id": 1276
  },
  "FileAttachments": [],
  "Comments": []
}