{
  "WorkItem": {
    "AffectedComponent": {
      "Name": "",
      "DisplayName": ""
    },
    "ClosedComment": "",
    "ClosedDate": "2007-05-24T23:38:10.87-07:00",
    "CommentCount": 0,
    "Custom": null,
    "Description": "By setting : \n \n_socket.DontFragment = true;\n \nwe should be able to test the MTU Discovery and how the protocol is during a MTU change.",
    "LastUpdatedDate": "2013-05-15T23:22:51.843-07:00",
    "PlannedForRelease": "",
    "ReleaseVisibleToPublic": false,
    "Priority": {
      "Name": "High",
      "Severity": 150,
      "Id": 3
    },
    "ProjectName": "RUDP",
    "ReportedDate": "2007-05-23T05:58:23.66-07:00",
    "Status": {
      "Name": "Closed",
      "Id": 4
    },
    "ReasonClosed": {
      "Name": "Unassigned"
    },
    "Summary": "Test MTU Discovery",
    "Type": {
      "Name": "Issue",
      "Id": 3
    },
    "VoteCount": 1,
    "Id": 681
  },
  "FileAttachments": [],
  "Comments": []
}