{
  "WorkItem": {
    "AffectedComponent": {
      "Name": "",
      "DisplayName": ""
    },
    "ClosedComment": "",
    "ClosedDate": "2007-05-21T05:45:51.357-07:00",
    "CommentCount": 0,
    "Custom": null,
    "Description": "The protocol has a strange behavior on hyper-threaded machines.\nThere is 2 cases :\n \n1 - When we change the Affinity to use 2 processors, all is fine\n2 - When we change the Affinity to use 1 processors(Default), the protocol stay blocked\n \nIn mono-processor there is no problem.",
    "LastUpdatedDate": "2013-05-15T23:22:51.97-07:00",
    "PlannedForRelease": "",
    "ReleaseVisibleToPublic": false,
    "Priority": {
      "Name": "High",
      "Severity": 150,
      "Id": 3
    },
    "ProjectName": "RUDP",
    "ReportedDate": "2007-05-16T01:55:31.61-07:00",
    "Status": {
      "Name": "Closed",
      "Id": 4
    },
    "ReasonClosed": {
      "Name": "Unassigned"
    },
    "Summary": "Hyper Threading",
    "Type": {
      "Name": "Issue",
      "Id": 3
    },
    "VoteCount": 1,
    "Id": 356
  },
  "FileAttachments": [],
  "Comments": []
}