{
  "WorkItem": {
    "AffectedComponent": {
      "Name": "",
      "DisplayName": ""
    },
    "ClosedComment": "",
    "ClosedDate": null,
    "CommentCount": 0,
    "Custom": null,
    "Description": "Check for the Vista TCP Stack\n \nhttp://www.microsoft.com/technet/technetmag/issues/2007/01/CableGuy/default.aspx?loc=fr",
    "LastUpdatedDate": "2013-02-13T17:11:25.387-08:00",
    "PlannedForRelease": "",
    "ReleaseVisibleToPublic": false,
    "Priority": {
      "Name": "Low",
      "Severity": 50,
      "Id": 1
    },
    "ProjectName": "RUDP",
    "ReportedDate": "2007-05-29T04:44:10.82-07:00",
    "Status": {
      "Name": "Proposed",
      "Id": 1
    },
    "ReasonClosed": {
      "Name": "Unassigned"
    },
    "Summary": "Receive Window Auto-Tuning",
    "Type": {
      "Name": "Issue",
      "Id": 3
    },
    "VoteCount": 1,
    "Id": 1022
  },
  "FileAttachments": [],
  "Comments": []
}