[
  {
    "Id": 356,
    "Title": "Hyper Threading"
  },
  {
    "Id": 681,
    "Title": "Test MTU Discovery"
  },
  {
    "Id": 682,
    "Title": "Test Non-reliable messagin"
  },
  {
    "Id": 928,
    "Title": "Performance"
  },
  {
    "Id": 929,
    "Title": "Shutdown"
  },
  {
    "Id": 930,
    "Title": "Security"
  },
  {
    "Id": 931,
    "Title": "Disconnection problem"
  },
  {
    "Id": 1022,
    "Title": "Receive Window Auto-Tuning"
  },
  {
    "Id": 1276,
    "Title": "Multi-CPU Stack"
  }
]