[
  {
    "Id": "0",
    "Name": "Reliable UDP Beta 7.0",
    "DevelopmentStatus": "None",
    "Description": "New :\r\n\r\n- support for multiple CPU\r\n- TCP Fast Retransmit / Recovery implemented",
    "ReleasedDatge": "0001-01-01T00:00:00",
    "ModifiedDate": "2007-06-04T08:04:32.983-07:00",
    "Files": [
      {
        "Id": "40d724bd-9dfd-410d-85c2-67e13eaf211e",
        "FileName": "RUDP.zip",
        "Url": "./0/40d724bd-9dfd-410d-85c2-67e13eaf211e",
        "Type": "Application",
        "UploadDate": "2007-06-04T08:04:33.09-07:00"
      }
    ]
  },
  {
    "Id": "1",
    "Name": "Reliable UDP Beta 6.0",
    "DevelopmentStatus": "None",
    "Description": "Source Code + Binaries",
    "ReleasedDatge": "0001-01-01T00:00:00",
    "ModifiedDate": "2007-05-31T06:18:28.787-07:00",
    "Files": [
      {
        "Id": "a5ef4d62-f79a-4400-a58d-4977230bee3c",
        "FileName": "RUDP.zip",
        "Url": "./1/a5ef4d62-f79a-4400-a58d-4977230bee3c",
        "Type": "Source Code",
        "UploadDate": "2007-05-31T06:18:28.803-07:00"
      }
    ]
  },
  {
    "Id": "2",
    "Name": "Reliable UDP Beta 5.0",
    "DevelopmentStatus": "None",
    "Description": "Source + Binaries",
    "ReleasedDatge": "0001-01-01T00:00:00",
    "ModifiedDate": "2007-05-29T10:17:33.52-07:00",
    "Files": [
      {
        "Id": "272a8b1f-ae4f-44be-b962-c23cb0c7653b",
        "FileName": "RUDP.zip",
        "Url": "./2/272a8b1f-ae4f-44be-b962-c23cb0c7653b",
        "Type": "Source Code",
        "UploadDate": "2007-05-29T10:16:59.05-07:00"
      }
    ]
  },
  {
    "Id": "3",
    "Name": "Beta 4.0",
    "DevelopmentStatus": "None",
    "Description": "Source Code + Binaries",
    "ReleasedDatge": "0001-01-01T00:00:00",
    "ModifiedDate": "2007-05-25T08:10:13.28-07:00",
    "Files": [
      {
        "Id": "6752be7c-dd25-4f96-9fb2-71a5c6285905",
        "FileName": "RUDP.zip",
        "Url": "./3/6752be7c-dd25-4f96-9fb2-71a5c6285905",
        "Type": "Source Code",
        "UploadDate": "2007-05-25T08:10:13.293-07:00"
      }
    ]
  },
  {
    "Id": "4",
    "Name": "Beta 3.0",
    "DevelopmentStatus": "None",
    "Description": "Source code + Runtime",
    "ReleasedDatge": "0001-01-01T00:00:00",
    "ModifiedDate": "2007-05-21T07:44:22.82-07:00",
    "Files": [
      {
        "Id": "943fbc7f-bed4-4e72-b999-04d8be889dd7",
        "FileName": "RUDP.zip",
        "Url": "./4/943fbc7f-bed4-4e72-b999-04d8be889dd7",
        "Type": "Source Code",
        "UploadDate": "2007-05-21T07:44:22.82-07:00"
      }
    ]
  },
  {
    "Id": "5",
    "Name": "Reliable UDP Beta 8.0",
    "DevelopmentStatus": "None",
    "Description": "Source Code + Binaries",
    "ReleasedDatge": "0001-01-01T00:00:00",
    "ModifiedDate": "2007-06-05T11:42:45.987-07:00",
    "Files": [
      {
        "Id": "b7d85b60-60d2-4402-a73a-e0b689fe5ac5",
        "FileName": "RUDP.zip",
        "Url": "./5/b7d85b60-60d2-4402-a73a-e0b689fe5ac5",
        "Type": "Source Code",
        "UploadDate": "2007-06-05T11:42:46-07:00"
      }
    ]
  }
]